date,avg_reddit_sentiment,avg_media_sentiment,avg_transcript_sentiment,avg_comment_sentiment,close,reddit_smooth,media_smooth,youtube_smooth
2024-05-20,-0.3182,,,,,-0.3182,,
2024-05-21,0.4394666666666666,,,,22529.05078125,0.06063333333333332,,
2024-05-22,-0.29116,,,,22597.80078125,0.07415333333333332,,
2024-05-23,-0.233875,,,,22967.650390625,-0.26251749999999996,,
2024-05-24,0.0535857142857142,,,,22957.099609375,-0.0901446428571429,,
2024-05-25,0.357225,,,,,0.20540535714285713,,
2024-05-26,0.0,,,,,0.17861250000000004,,
2024-05-27,,,,,22932.44921875,0.0,,
2024-05-28,-0.3661,,,,22888.150390625,-0.3661,,
2024-05-29,0.2063,,,,22704.69921875,-0.07989999999999996,,
2024-05-30,-0.0867,0.0,,,22488.650390625,0.059800000000000034,0.0,
2024-05-31,0.0024749999999999,,,,22530.69921875,-0.042112500000000025,0.0,
2024-06-01,0.18574,0.1932428571428571,,,,0.09410749999999997,0.1932428571428571,
2024-06-02,0.3615333333333333,-0.24772,,,,0.2736366666666667,-0.027238571428571445,
2024-06-03,0.0183666666666666,0.3317199999999999,,,23263.900390625,0.18994999999999995,0.041999999999999954,
2024-06-04,0.0631333333333333,,,,21884.5,0.04074999999999998,0.3317199999999999,
2024-06-05,-0.1201857142857142,,,,22620.349609375,-0.02852619047619042,,
2024-06-06,,,,,22821.400390625,-0.1201857142857142,,
2024-06-07,,,,,23290.150390625,,,
