date,avg_reddit_sentiment,avg_media_sentiment,avg_transcript_sentiment,avg_comment_sentiment,avg_youtube_sentiment,close
2024-05-20,-0.3182,,,,,
2024-05-21,0.4394666666666666,,,,,22529.05078125
2024-05-22,-0.29116,,,,,22597.80078125
2024-05-23,-0.233875,,,,,22967.650390625
2024-05-24,0.0535857142857142,,,,,22957.099609375
2024-05-25,0.357225,,,,,
2024-05-26,0.0,,,,,
2024-05-27,,,,,,22932.44921875
2024-05-28,-0.3661,,,,,22888.150390625
2024-05-29,0.2063,,,,,22704.69921875
2024-05-30,-0.0867,0.0,,,,22488.650390625
2024-05-31,0.0024749999999999,,,,,22530.69921875
2024-06-01,0.18574,0.1932428571428571,,,,
2024-06-02,0.3615333333333333,-0.24772,,,,
2024-06-03,0.0183666666666666,0.3317199999999999,,,,23263.900390625
2024-06-04,0.0631333333333333,,,,,21884.5
2024-06-05,-0.1201857142857142,,,,,22620.349609375
2024-06-06,,,,,,22821.400390625
2024-06-07,,,,,,23290.150390625
